Muestra;ADC
0;1141
1;95
2;1739
3;3827
4;3447
5;1106
6;96
7;1763
8;3873
9;3447
10;1103
11;83
12;1840
13;3791
14;3421
15;1148
16;70
17;1758
18;3867
19;3431
20;999
21;116
22;1734
23;3820
24;3439
25;1144
26;80
27;1717
28;3795
29;3456
30;1132
31;75
32;1728
33;3878
34;3431
35;1119
36;84
37;1755
38;3835
39;3439
40;1060
41;89
42;1881
43;3803
44;3431
45;1165
46;114
47;1739
48;3830
49;3368
50;1137
51;90
52;1747
53;3816
54;3451
55;1144
56;74
57;1734
58;3799
59;3438
60;1147
61;103
62;1732
63;3831
64;3444
65;1057
66;103
67;1877
68;3807
69;3450
70;1002
71;77
72;1745
73;3829
74;3350
75;1137
76;79
77;1725
78;3833
79;3427
80;1149
81;91
82;1761
83;3827
84;3415
85;1119
86;89
87;1745
88;3813
89;3331
90;1128
91;91
92;1763
93;3877
94;3426
95;1092
96;84
97;1765
98;3827
99;3345
100;1093
101;128
102;1779
103;3815
104;3397
105;1092
106;96
107;1771
108;3846
109;3424
110;1087
111;102
112;1783
113;3852
114;3305
115;1105
116;102
117;1811
118;3837
119;3371
120;1075
121;112
122;1781
123;3885
124;3407
125;1083
126;84
127;1927
128;3823
129;3391
130;961
131;84
132;1814
133;3835
134;3409
135;1081
136;91
137;1793
138;3827
139;3395
140;1091
141;83
142;1947
143;3852
144;3367
145;1097
146;121
147;1847
148;3909
149;3406
150;1076
151;107
152;1786
153;3843
154;3397
155;991
156;86
157;1815
158;3856
159;3400
160;1093
161;86
162;1803
163;3852
164;3402
165;1070
166;93
167;1822
168;3853
169;3392
170;967
171;96
172;1845
173;3848
174;3323
175;1083
176;99
177;1814
178;3864
179;3363
180;983
181;105
182;1992
183;3848
184;3372
185;1055
186;91
187;1807
188;3838
189;3402
190;1081
191;87
192;1833
193;3851
194;3398
195;959
196;95
197;1865
198;3853
199;3355
200;1006
201;91
202;1919
203;3847
204;3263
205;1059
206;112
207;1814
208;3896
209;3363
210;1045
211;125
212;1820
213;3847
214;3357
215;1065
216;100
217;1850
218;3846
219;3359
220;1063
221;96
222;1852
223;3917
224;3364
225;994
226;116
227;1943
228;3875
229;3235
230;1031
231;98
232;2007
233;3862
234;3347
235;1023
236;145
237;1859
238;3872
239;3363
240;1028
241;101
242;1860
243;3866
244;3362
245;1022
246;99
247;1843
248;3865
249;3367
250;1043
251;134
252;1852
253;3889
254;3359
255;945
256;103
257;1883
258;3878
259;3349
260;1005
261;132
262;1867
263;3907
264;3359
265;1014
266;113
267;1852
268;3861
269;3353
270;1026
271;100
272;1839
273;3880
274;3347
275;1047
276;141
277;1868
278;3886
279;3342
280;1019
281;131
282;1854
283;3907
284;3373
285;899
286;98
287;1873
288;3855
289;3259
290;1039
291;106
292;1999
293;3874
294;3327
295;1036
296;122
297;1875
298;3859
299;3336
300;1012
301;104
302;1857
303;3874
304;3231
305;1011
306;134
307;1885
308;3899
309;3302
310;905
311;112
312;1881
313;3925
314;3315
315;995
316;106
317;2009
318;3859
319;3305
320;1022
321;100
322;1882
323;3889
324;3319
325;1018
326;110
327;1896
328;3869
329;3306
330;1007
331;112
332;2031
333;3864
334;3310
335;1011
336;143
337;1897
338;3873
339;3327
340;992
341;126
342;2007
343;3879
344;3189
345;980
346;107
347;1923
348;3879
349;3312
350;1007
351;108
352;1892
353;3867
354;3315
355;985
356;117
357;2055
358;3879
359;3284
360;978
361;137
362;1982
363;3908
364;3217
365;977
366;163
367;1929
368;3907
369;3298
370;873
371;135
372;1947
373;3935
374;3299
375;951
376;143
377;1942
378;3897
379;3279
380;950
381;128
382;1938
383;3928
384;3299
385;854
386;132
387;1992
388;3891
389;3208
390;908
391;171
392;1979
393;3895
394;3157
395;951
396;125
397;1962
398;3953
399;3291
400;940
401;131
402;1947
403;3903
404;3298
405;948
406;139
407;1955
408;3906
409;3270
410;942
411;143
412;1963
413;3943
414;3272
415;908
416;140
417;2063
418;3911
419;3249
420;927
421;136
422;1991
423;3953
424;3247
425;791
426;137
427;1995
428;3928
429;3264
430;914
431;137
432;1994
433;3921
434;3272
435;923
436;145
437;1992
438;3976
439;3255
440;887
441;147
442;2003
443;3929
444;3231
445;827
446;133
447;2149
448;3925
449;3251
450;928
451;190
452;1996
453;3917
454;3138
455;931
456;137
457;1988
458;3933
459;3233
460;910
461;149
462;1998
463;3920
464;3243
465;918
466;180
467;1975
468;3931
469;3247
470;854
471;156
472;2121
473;3904
474;3244
475;791
476;144
477;1988
478;3909
479;3175
480;931
481;160
482;1975
483;3919
484;3243
485;929
486;126
487;1987
488;3914
489;3249
490;935
491;156
492;2012
493;3920
494;3137
495;927
496;149
497;2005
498;3931
499;3265
500;881
501;155
502;1999
503;3927
504;3166
505;901
506;205
507;2012
508;3913
509;3205
510;885
511;140
512;1993
513;3912
514;3235
515;901
516;152
517;2019
518;3923
519;3143
520;895
521;174
522;2036
523;3918
524;3200
525;900
526;176
527;2003
528;3971
529;3246
530;916
531;141
532;2131
533;3907
534;3234
535;818
536;133
537;1998
538;3895
539;3272
540;927
541;148
542;2003
543;3908
544;3285
545;922
546;126
547;2113
548;3903
549;3214
550;925
551;162
552;2037
553;3949
554;3243
555;935
556;188
557;1974
558;3903
559;3275
560;857
561;137
562;1996
563;3921
564;3267
565;941
566;143
567;1988
568;3899
569;3271
570;926
571;129
572;1984
573;3887
574;3278
575;829
576;125
577;2024
578;3887
579;3191
580;943
581;137
582;1984
583;3910
584;3248
585;856
586;129
587;2134
588;3923
589;3247
590;895
591;135
592;1983
593;3901
594;3259
595;928
596;133
597;1980
598;3897
599;3281
600;827
601;148
602;2006
603;3933
604;3239
605;890
606;120
607;2063
608;3886
609;3169
610;958
611;136
612;1947
613;3939
614;3271
615;938
616;166
617;1943
618;3896
619;3278
620;956
621;147
622;1942
623;3907
624;3275
625;965
626;138
627;1939
628;3955
629;3294
630;910
631;136
632;2035
633;3917
634;3151
635;929
636;131
637;2107
638;3891
639;3272
640;950
641;164
642;1931
643;3904
644;3283
645;947
646;128
647;1967
648;3913
649;3271
650;958
651;144
652;1973
653;3895
654;3292
655;935
656;167
657;1943
658;3923
659;3294
660;858
661;133
662;1959
663;3917
664;3275
665;940
666;158
667;1947
668;3950
669;3282
670;961
671;122
672;1951
673;3908
674;3308
675;959
676;123
677;1925
678;3893
679;3317
680;957
681;175
682;1947
683;3895
684;3296
685;947
686;124
687;1934
688;3919
689;3311
690;833
691;137
692;1959
693;3904
694;3186
695;953
696;133
697;2078
698;3910
699;3298
700;953
701;140
702;1945
703;3909
704;3282
705;967
706;129
707;1957
708;3898
709;3195
710;954
711;143
712;1951
713;3924
714;3246
715;844
716;131
717;1931
718;3923
719;3293
720;964
721;125
722;2044
723;3882
724;3283
725;975
726;139
727;1943
728;3905
729;3299
730;966
731;117
732;1939
733;3886
734;3296
735;961
736;121
737;2063
738;3887
739;3255
740;987
741;158
742;1911
743;3912
744;3312
745;953
746;137
747;2034
748;3890
749;3185
750;968
751;118
752;1969
753;3879
754;3301
755;978
756;121
757;1902
758;3878
759;3304
760;989
761;135
762;2044
763;3904
764;3264
765;959
766;137
767;1967
768;3912
769;3232
770;987
771;167
772;1907
773;3912
774;3326
775;889
776;129
777;1944
778;3940
779;3327
780;976
781;135
782;1911
783;3887
784;3309
785;985
786;120
787;1911
788;3904
789;3311
790;876
791;134
792;1988
793;3892
794;3225
795;909
796;162
797;1942
798;3904
799;3191
800;971
801;119
802;1943
803;3918
804;3304
805;970
806;122
807;1917
808;3879
809;3307
810;967
811;133
812;1932
813;3912
814;3300
815;960
816;130
817;1927
818;3939
819;3315
820;952
821;110
822;2024
823;3878
824;3304
825;994
826;138
827;1955
828;3917
829;3313
830;849
831;130
832;1909
833;3872
834;3315
835;990
836;112
837;1907
838;3876
839;3315
840;971
841;113
842;1924
843;3933
844;3315
845;962
846;120
847;1928
848;3913
849;3313
850;905
851;107
852;2065
853;3889
854;3299
855;1015
856;144
857;1895
858;3898
859;3221
860;999
861;110
862;1917
863;3898
864;3310
865;999
866;137
867;1902
868;3896
869;3305
870;991
871;151
872;1910
873;3909
874;3313
875;910
876;126
877;2067
878;3903
879;3328
880;878
881;114
882;1930
883;3867
884;3245
885;1012
886;130
887;1883
888;3891
889;3326
890;996
891;113
892;1891
893;3867
894;3311
895;1001
896;109
897;1888
898;3867
899;3234
900;1011
901;139
902;1893
903;3918
904;3324
905;1000
906;122
907;1902
908;3879
909;3237
910;1003
911;150
912;1915
913;3871
914;3297
915;990
916;108
917;1878
918;3863
919;3335
920;1008
921;105
922;1920
923;3878
924;3223
925;1000
926;131
927;1920
928;3895
929;3279
930;981
931;140
932;1916
933;3917
934;3338
935;977
936;132
937;2055
938;3871
939;3303
940;887
941;120
942;1927
943;3878
944;3328
945;971
946;126
947;1913
948;3902
949;3336
950;983
951;130
952;2054
953;3879
954;3271
955;985
956;134
957;1985
958;3923
959;3300
960;987
961;172
962;1912
963;3910
964;3317
965;891
966;115
967;1941
968;3896
969;3309
970;997
971;111
972;1903
973;3899
974;3322
975;979
976;112
977;1936
978;3879
979;3315
980;868
981;111
982;1971
983;3902
984;3235
985;1000
986;118
987;1924
988;3897
989;3302
990;905
991;136
992;2068
993;3893
994;3308
995;971
996;115
997;1905
998;3879
999;3317
1000;999
1001;122
1002;1928
1003;3892
1004;3317
1005;878
1006;131
1007;1976
1008;3897
1009;3283
1010;931
1011;133
1012;2033
1013;3875
1014;3193
1015;983
1016;128
1017;1919
1018;3953
1019;3313
1020;954
1021;170
1022;1928
1023;3886
1024;3289
1025;963
1026;146
1027;1961
1028;3887
1029;3275
1030;972
1031;145
1032;1931
1033;3955
1034;3292
1035;900
1036;141
1037;2053
1038;3917
1039;3155
1040;947
1041;125
1042;2115
1043;3904
1044;3267
1045;928
1046;172
1047;1945
1048;3931
1049;3278
1050;934
1051;141
1052;1959
1053;3895
1054;3268
1055;951
1056;142
1057;1968
1058;3911
1059;3251
1060;938
1061;180
1062;1959
1063;3923
1064;3258
1065;853
1066;122
1067;2005
1068;3903
1069;3251
1070;909
1071;178
1072;2023
1073;3959
1074;3225
1075;920
1076;161
1077;2021
1078;3909
1079;3266
1080;921
1081;134
1082;1994
1083;3913
1084;3249
1085;902
1086;196
1087;2009
1088;3943
1089;3212
1090;892
1091;170
1092;2007
1093;3953
1094;3230
1095;778
1096;129
1097;2022
1098;3934
1099;3121
1100;882
1101;159
1102;2168
1103;3933
1104;3207
1105;882
1106;142
1107;2023
1108;3936
1109;3234
1110;893
1111;140
1112;2033
1113;3917
1114;3097
1115;875
1116;158
1117;2049
1118;3968
1119;3175
1120;763
1121;152
1122;2056
1123;3967
1124;3203
1125;869
1126;162
1127;2153
1128;3938
1129;3220
1130;876
1131;165
1132;2047
1133;3911
1134;3217
1135;867
1136;162
1137;2065
1138;3932
1139;3175
1140;889
1141;173
1142;2181
1143;3921
1144;3159
1145;869
1146;192
1147;2028
1148;3953
1149;3207
1150;870
1151;165
1152;2186
1153;3939
1154;3067
1155;845
1156;152
1157;2089
1158;3943
1159;3202
1160;863
1161;173
1162;2046
1163;3948
1164;3179
1165;853
1166;171
1167;2199
1168;3940
1169;3153
1170;847
1171;173
1172;2141
1173;3927
1174;3106
1175;841
1176;210
1177;2065
1178;3953
1179;3177
1180;749
1181;182
1182;2122
1183;4002
1184;3169
1185;835
1186;181
1187;2089
1188;3938
1189;3182
1190;839
1191;177
1192;2095
1193;3956
1194;3168
1195;721
1196;192
1197;2158
1198;3936
1199;3082
1200;782
1201;241
1202;2112
1203;3955
1204;3037
1205;827
1206;168
1207;2114
1208;3989
1209;3170
1210;815
1211;182
1212;2134
1213;3970
1214;3161
1215;808
1216;189
1217;2119
1218;3943
1219;3146
1220;789
1221;199
1222;2127
1223;3987
1224;3131
1225;769
1226;170
1227;2254
1228;3959
1229;3107
1230;791
1231;199
1232;2167
1233;3997
1234;3113
1235;693
1236;187
1237;2150
1238;3971
1239;3135
1240;811
1241;193
1242;2135
1243;3955
1244;3144
1245;788
1246;181
1247;2135
1248;3991
1249;3115
1250;775
1251;194
1252;2153
1253;3982
1254;3119
1255;710
1256;189
1257;2309
1258;3963
1259;3123
1260;794
1261;232
1262;2135
1263;3951
1264;3003
1265;811
1266;207
1267;2159
1268;3965
1269;3114
1270;786
1271;195
1272;2157
1273;3959
1274;3116
1275;787
1276;256
1277;2167
1278;3969
1279;3121
1280;703
1281;214
1282;2320
1283;3973
1284;3097
1285;675
1286;206
1287;2169
1288;3957
1289;3012
1290;773
1291;199
1292;2175
1293;3947
1294;3099
1295;765
1296;195
1297;2177
1298;3985
1299;3091
1300;785
1301;215
1302;2186
1303;3955
1304;2972
1305;770
1306;232
1307;2192
1308;4002
1309;3106
1310;740
1311;220
1312;2206
1313;3989
1314;2993
1315;753
1316;277
1317;2225
1318;3976
1319;3070
1320;753
1321;199
1322;2190
1323;3982
1324;3093
1325;749
1326;207
1327;2215
1328;3975
1329;2953
1330;747
1331;226
1332;2228
1333;3967
1334;3041
1335;726
1336;275
1337;2204
1338;4014
1339;3061
1340;731
1341;210
1342;2347
1343;3985
1344;3036
1345;635
1346;217
1347;2226
1348;3971
1349;3057
1350;742
1351;225
1352;2221
1353;3983
1354;3077
1355;752
1356;212
1357;2370
1358;3993
1359;3023
1360;721
1361;266
1362;2299
1363;4002
1364;3027
1365;720
1366;302
1367;2236
1368;3969
1369;3042
1370;633
1371;215
1372;2271
1373;3992
1374;3052
1375;733
1376;231
1377;2237
1378;3977
1379;3023
1380;710
1381;233
1382;2281
1383;3987
1384;3028
1385;620
1386;222
1387;2293
1388;3992
1389;2953
1390;730
1391;243
1392;2253
1393;3992
1394;2987
1395;617
1396;245
1397;2423
1398;3993
1399;3027
1400;685
1401;247
1402;2271
1403;3996
1404;3005
1405;701
1406;254
1407;2275
1408;3999
1409;3020
1410;592
1411;244
1412;2326
1413;4003
1414;2987
1415;655
1416;244
1417;2400
1418;3982
1419;2879
1420;704
1421;258
1422;2283
1423;4031
1424;3011
1425;679
1426;312
1427;2290
1428;4017
1429;2999
1430;694
1431;244
1432;2298
1433;3982
1434;3003
1435;695
1436;258
1437;2269
1438;4009
1439;3012
1440;665
1441;234
1442;2397
1443;3995
1444;2859
1445;692
1446;261
1447;2454
1448;4009
1449;2985
1450;679
1451;312
1452;2289
1453;4007
1454;2984
1455;679
1456;260
1457;2319
1458;3993
1459;2977
1460;655
1461;270
1462;2303
1463;4006
1464;2979
1465;675
1466;333
1467;2306
1468;3997
1469;2976
1470;583
1471;267
1472;2351
1473;4014
1474;2961
1475;635
1476;311
1477;2351
1478;4042
1479;2949
1480;639
1481;274
1482;2346
1483;3996
1484;2967
1485;648
1486;262
1487;2363
1488;4022
1489;2919
1490;625
1491;335
1492;2363
1493;4024
1494;2931
1495;625
1496;297
1497;2388
1498;4042
1499;2935
1500;518
1501;277
1502;2387
1503;4006
1504;2796
1505;609
1506;306
1507;2512
1508;4011
1509;2897
1510;617
1511;285
1512;2399
1513;4003
1514;2893
1515;625
1516;300
1517;2382
1518;4011
1519;2793
1520;616
1521;327
1522;2406
1523;4013
1524;2849
1525;518
1526;300
1527;2409
1528;4038
1529;2887
1530;583
1531;311
1532;2510
1533;4019
1534;2871
1535;606
1536;317
1537;2432
1538;4029
1539;2867
1540;609
1541;300
1542;2423
1543;4028
1544;2852
1545;590
1546;313
1547;2567
1548;4003
1549;2825
1550;591
1551;375
1552;2434
1553;4013
1554;2851
1555;562
1556;320
1557;2564
1558;4007
1559;2703
1560;564
1561;338
1562;2470
1563;4023
1564;2856
1565;587
1566;333
1567;2439
1568;4004
1569;2855
1570;570
1571;336
1572;2579
1573;4031
1574;2805
1575;547
1576;328
1577;2520
1578;4026
1579;2760
1580;573
1581;411
1582;2467
1583;4035
1584;2853
1585;478
1586;350
1587;2487
1588;4032
1589;2857
1590;559
1591;343
1592;2473
1593;4040
1594;2840
1595;568
1596;326
1597;2461
1598;4006
1599;2823
1600;465
1601;339
1602;2524
1603;4006
1604;2724
1605;512
1606;421
1607;2490
1608;4015
1609;2682
1610;552
1611;347
1612;2513
1613;4015
1614;2817
1615;532
1616;342
1617;2487
1618;4009
1619;2801
1620;528
1621;356
1622;2501
1623;4017
1624;2820
1625;518
1626;338
1627;2519
1628;4036
1629;2815
1630;503
1631;363
1632;2591
1633;4014
1634;2794
1635;537
1636;355
1637;2554
1638;4056
1639;2788
1640;445
1641;359
1642;2530
1643;4020
1644;2790
1645;518
1646;362
1647;2522
1648;4007
1649;2794
1650;526
1651;346
1652;2526
1653;4027
1654;2796
1655;489
1656;355
1657;2530
1658;4038
1659;2781
1660;458
1661;347
1662;2671
1663;4035
1664;2775
1665;535
1666;426
1667;2525
1668;4023
1669;2655
1670;539
1671;377
1672;2515
1673;4040
1674;2787
1675;533
1676;352
1677;2505
1678;4025
1679;2779
1680;529
1681;440
1682;2513
1683;4023
1684;2788
1685;456
1686;394
1687;2655
1688;4019
1689;2791
1690;442
1691;360
1692;2539
1693;4037
1694;2698
1695;524
1696;364
1697;2513
1698;4013
1699;2785
1700;514
1701;353
1702;2530
1703;4012
1704;2775
1705;533
1706;365
1707;2529
1708;4006
1709;2638
1710;513
1711;395
1712;2545
1713;4038
1714;2787
1715;493
1716;359
1717;2550
1718;4034
1719;2688
1720;503
1721;453
1722;2549
1723;4039
1724;2745
1725;508
1726;361
1727;2515
1728;4017
1729;2789
1730;513
1731;359
1732;2519
1733;4037
1734;2646
1735;500
1736;401
1737;2546
1738;4041
1739;2715
1740;518
1741;413
1742;2532
1743;4023
1744;2789
1745;515
1746;366
1747;2643
1748;4025
1749;2760
1750;423
1751;367
1752;2565
1753;4016
1754;2766
1755;509
1756;372
1757;2560
1758;4015
1759;2789
1760;498
1761;360
1762;2691
1763;4023
1764;2725
1765;489
1766;441
1767;2622
1768;4019
1769;2743
1770;482
1771;483
1772;2568
1773;4039
1774;2731
1775;416
1776;397
1777;2583
1778;4040
1779;2736
1780;483
1781;394
1782;2567
1783;4014
1784;2722
1785;483
1786;406
1787;2599
1788;4027
1789;2725
1790;398
1791;405
1792;2643
1793;4025
1794;2627
1795;489
1796;401
1797;2599
1798;4023
1799;2690
1800;422
1801;395
1802;2760
1803;4036
1804;2719
1805;445
1806;424
1807;2616
1808;4027
1809;2717
1810;463
1811;400
1812;2607
1813;4055
1814;2679
1815;380
1816;418
1817;2666
1818;4014
1819;2667
1820;427
1821;417
1822;2735
1823;4019
1824;2524
1825;447
1826;437
1827;2621
1828;4007
1829;2681
1830;431
1831;499
1832;2643
1833;4028
1834;2673
1835;451
1836;443
1837;2631
1838;4015
1839;2677
1840;465
1841;425
1842;2639
1843;4020
1844;2651
1845;407
1846;421
1847;2737
1848;4011
1849;2534
1850;431
1851;441
1852;2786
1853;4038
1854;2644
1855;437
1856;508
1857;2631
1858;4032
1859;2681
1860;437
1861;448
1862;2638
1863;4019
1864;2659
1865;424
1866;444
1867;2653
1868;4038
1869;2662
1870;427
1871;531
1872;2658
1873;4040
1874;2675
1875;390
1876;441
1877;2665
1878;4023
1879;2660
1880;422
1881;512
1882;2658
1883;4025
1884;2649
1885;451
1886;460
1887;2661
1888;4007
1889;2663
1890;452
1891;435
1892;2647
1893;4017
1894;2666
1895;437
1896;529
1897;2659
1898;4015
1899;2655
1900;423
1901;467
1902;2673
1903;4041
1904;2655
1905;351
1906;439
1907;2655
1908;4040
1909;2539
1910;441
1911;454
1912;2774
1913;4030
1914;2657
1915;425
1916;437
1917;2655
1918;4007
1919;2659
1920;429
1921;443
1922;2670
1923;4032
1924;2521
1925;427
1926;473
1927;2673
1928;4011
1929;2579
1930;345
1931;439
1932;2673
1933;4007
1934;2630
1935;415
1936;430
1937;2775
1938;4007
1939;2624
1940;437
1941;453
1942;2684
1943;4019
1944;2633
1945;415
1946;457
1947;2673
1948;4027
1949;2608
1950;419
1951;451
1952;2815
1953;4027
1954;2579
1955;436
1956;509
1957;2680
1958;4017
1959;2615
1960;413
1961;463
1962;2792
1963;4039
1964;2473
1965;402
1966;473
1967;2714
1968;4027
1969;2626
1970;415
1971;479
1972;2700
1973;4009
1974;2613
1975;424
1976;454
1977;2822
1978;4038
1979;2584
1980;391
1981;492
1982;2737
1983;4039
1984;2508
1985;419
1986;555
1987;2690
1988;4035
1989;2624
1990;351
1991;459
1992;2736
1993;4014
1994;2611
1995;394
1996;483
1997;2700
1998;4024
1999;2626
2000;394
2001;479
2002;2695
2003;4036
2004;2621
2005;331
2006;481
2007;2764
2008;4031
2009;2524
2010;362
2011;549
2012;2713
2013;4029
2014;2470
2015;416
2016;481
2017;2695
2018;4019
2019;2607
2020;384
2021;474
2022;2716
2023;4027
2024;2620
2025;394
2026;478
2027;2707
2028;4046
2029;2605
2030;394
2031;493
2032;2717
2033;4010
2034;2586
2035;373
2036;485
2037;2812
2038;4028
2039;2550
2040;396
2041;491
2042;2776
2043;4007
2044;2559
2045;299
2046;497
2047;2743
2048;4031
2049;2565
2050;397
2051;479
2052;2743
2053;4019
2054;2577
2055;402
2056;483
2057;2767
2058;4016
2059;2548
2060;338
2061;513
2062;2769
2063;4025
2064;2535
2065;321
2066;493
2067;2892
2068;4048
2069;2515
2070;357
2071;602
2072;2775
2073;4022
2074;2397
2075;367
2076;517
2077;2777
2078;4017
2079;2510
2080;359
2081;530
2082;2792
2083;4023
2084;2535
2085;374
2086;617
2087;2797
2088;4027
2089;2512
2090;297
2091;575
2092;2926
2093;4007
2094;2528
2095;287
2096;544
2097;2811
2098;4012
2099;2422
2100;354
2101;533
2102;2775
2103;4013
2104;2515
2105;363
2106;518
2107;2784
2108;4023
2109;2496
2110;364
2111;547
2112;2787
2113;4019
2114;2374
2115;354
2116;578
2117;2798
2118;4028
2119;2491
2120;331
2121;551
2122;2835
2123;4005
2124;2395
2125;344
2126;663
2127;2837
2128;4022
2129;2457
2130;343
2131;537
2132;2826
2133;3999
2134;2483
2135;343
2136;568
2137;2815
2138;4027
2139;2351
2140;325
2141;581
2142;2839
2143;4015
2144;2419
2145;334
2146;625
2147;2831
2148;3979
2149;2470
2150;338
2151;576
2152;2975
2153;4028
2154;2436
2155;276
2156;580
2157;2883
2158;4005
2159;2439
2160;319
2161;575
2162;2880
2163;4004
2164;2437
2165;305
2166;565
2167;2995
2168;4020
2169;2377
2170;302
2171;649
2172;2947
2173;3992
2174;2415
2175;296
2176;716
2177;2879
2178;4015
2179;2391
2180;243
2181;610
2182;2903
2183;4026
2184;2408
2185;286
2186;615
2187;2903
2188;4019
2189;2371
2190;279
2191;609
2192;2948
2193;4020
2194;2361
2195;240
2196;609
2197;2976
2198;4030
2199;2269
2200;295
2201;661
2202;2927
2203;4000
2204;2336
2205;216
2206;647
2207;3089
2208;4007
2209;2353
2210;263
2211;646
2212;2961
2213;4017
2214;2351
2215;288
2216;640
2217;2965
2218;4003
2219;2323
2220;205
2221;650
2222;3017
2223;3975
2224;2327
2225;224
2226;664
2227;3063
2228;4009
2229;2169
2230;276
2231;657
2232;2979
2233;3989
2234;2307
2235;243
2236;763
2237;2984
2238;3985
2239;2298
2240;249
2241;680
2242;2990
2243;4014
2244;2309
2245;258
2246;675
2247;2979
2248;3966
2249;2291
2250;224
2251;667
2252;3081
2253;3987
2254;2149
2255;237
2256;700
2257;3148
2258;3994
2259;2263
2260;259
2261;776
2262;3008
2263;3959
2264;2305
2265;260
2266;694
2267;3004
2268;3975
2269;2297
2270;250
2271;680
2272;3001
2273;3992
2274;2290
2275;256
2276;808
2277;2995
2278;3987
2279;2291
2280;191
2281;685
2282;3052
2283;4002
2284;2275
2285;223
2286;783
2287;3031
2288;3964
2289;2232
2290;220
2291;740
2292;3048
2293;3987
2294;2243
2295;234
2296;704
2297;3053
2298;3996
2299;2249
2300;227
2301;815
2302;3068
2303;3961
2304;2212
2305;225
2306;780
2307;3069
2308;3965
2309;2223
2310;159
2311;745
2312;3075
2313;3975
2314;2100
2315;205
2316;759
2317;3191
2318;3995
2319;2218
2320;208
2321;737
2322;3079
2323;3967
2324;2192
2325;206
2326;761
2327;3079
2328;3961
2329;2041
2330;208
2331;795
2332;3110
2333;3941
2334;2103
2335;151
2336;804
2337;3120
2338;3928
2339;2152
2340;196
2341;790
2342;3217
2343;3981
2344;2127
2345;195
2346;789
2347;3129
2348;3970
2349;2168
2350;204
2351;782
2352;3123
2353;3982
2354;2129
2355;186
2356;782
2357;3235
2358;3951
2359;2108
2360;210
2361;875
2362;3130
2363;3942
2364;2153
2365;201
2366;804
2367;3228
2368;3948
2369;1994
2370;196
2371;817
2372;3142
2373;3939
2374;2141
2375;201
2376;809
2377;3141
2378;3963
2379;2135
2380;185
2381;821
2382;3272
2383;3935
2384;2078
2385;176
2386;829
2387;3208
2388;3959
2389;2016
2390;176
2391;923
2392;3153
2393;3955
2394;2126
2395;132
2396;827
2397;3182
2398;3902
2399;2131
2400;173
2401;847
2402;3144
2403;3931
2404;2127
2405;191
2406;835
2407;3160
2408;3940
2409;2108
2410;146
2411;839
2412;3183
2413;3953
2414;1995
2415;147
2416;937
2417;3177
2418;3937
2419;1966
2420;171
2421;853
2422;3151
2423;3917
2424;2103
2425;184
2426;833
2427;3158
2428;3939
2429;2124
2430;189
2431;814
2432;3144
2433;3963
2434;2105
2435;162
2436;843
2437;3165
2438;3916
2439;2130
2440;169
2441;803
2442;3247
2443;3941
2444;2075
2445;176
2446;825
2447;3197
2448;3908
2449;2099
2450;139
2451;849
2452;3178
2453;3953
2454;2097
2455;175
2456;832
2457;3153
2458;3968
2459;2086
2460;187
2461;839
2462;3183
2463;3912
2464;2100
2465;154
2466;863
2467;3197
2468;3927
2469;2087
2470;133
2471;822
2472;3306
2473;3928
2474;2074
2475;172
2476;949
2477;3175
2478;3949
2479;1967
2480;165
2481;860
2482;3179
2483;3955
2484;2097
2485;165
2486;851
2487;3180
2488;3964
2489;2090
2490;167
2491;956
2492;3183
2493;3943
2494;2085
2495;131
2496;904
2497;3311
2498;3933
2499;2068
2500;120
2501;865
2502;3174
2503;3943
2504;1980
2505;160
2506;874
2507;3185
2508;3939
2509;2059
2510;182
2511;860
2512;3189
2513;3955
2514;2062
2515;152
2516;855
2517;3173
2518;3943
2519;1934
2520;170
2521;905
2522;3167
2523;3917
2524;2092
2525;151
2526;865
2527;3193
2528;3903
2529;1968
2530;160
2531;1000
2532;3206
2533;3929
2534;2045
2535;169
2536;852
2537;3185
2538;3942
2539;2088
2540;148
2541;871
2542;3185
2543;3927
2544;1932
2545;164
2546;920
2547;3206
2548;3927
2549;2015
2550;176
2551;957
2552;3192
2553;3889
2554;2076
2555;152
2556;856
2557;3291
2558;3921
2559;2011
2560;116
2561;870
2562;3240
2563;3911
2564;2043
2565;144
2566;878
2567;3224
2568;3915
2569;2060
2570;157
2571;887
2572;3327
2573;3918
2574;1978
2575;142
2576;977
2577;3288
2578;3881
2579;2029
2580;163
2581;1007
2582;3235
2583;3931
2584;2013
2585;110
2586;893
2587;3229
2588;3921
2589;2007
2590;147
2591;908
2592;3228
2593;3925
2594;2015
2595;138
2596;886
2597;3259
2598;3925
2599;2007
2600;101
2601;883
2602;3290
2603;3921
2604;1902
2605;162
2606;920
2607;3246
2608;3935
2609;1967
2610;116
2611;906
2612;3384
2613;3923
2614;1991
2615;144
2616;907
2617;3249
2618;3907
2619;2007
2620;137
2621;901
2622;3235
2623;3946
2624;2013
2625;115
2626;905
2627;3283
2628;3899
2629;1997
2630;130
2631;899
2632;3310
2633;3929
2634;1845
2635;158
2636;913
2637;3227
2638;3880
2639;2003
2640;138
2641;1003
2642;3239
2643;3923
2644;1983
2645;149
2646;917
2647;3231
2648;3921
2649;1997
2650;134
2651;894
2652;3246
2653;3875
2654;2009
2655;131
2656;925
2657;3318
2658;3881
2659;1833
2660;141
2661;932
2662;3357
2663;3897
2664;1971
2665;149
2666;1011
2667;3262
2668;3883
2669;1992
2670;125
2671;947
2672;3288
2673;3907
2674;1961
2675;122
2676;951
2677;3278
2678;3896
2679;1956
2680;139
2681;1075
2682;3264
2683;3883
2684;1971
2685;112
2686;951
2687;3288
2688;3899
2689;1951
2690;132
2691;1060
2692;3295
2693;3843
2694;1952
2695;145
2696;979
2697;3279
2698;3907
2699;1970
2700;138
2701;959
2702;3293
2703;3920
2704;1939
2705;141
2706;1060
2707;3289
2708;3867
2709;1923
2710;136
2711;1016
2712;3311
2713;3843
2714;1948
2715;92
2716;958
2717;3315
2718;3916
2719;1799
2720;133
2721;980
2722;3375
2723;3912
2724;1899
2725;136
2726;979
2727;3299
2728;3879
2729;1929
2730;126
2731;991
2732;3315
2733;3873
2734;1769
2735;135
2736;1011
2737;3326
2738;3831
2739;1848
2740;87
2741;995
2742;3320
2743;3827
2744;1899
2745;125
2746;993
2747;3423
2748;3876
2749;1873
2750;134
2751;991
2752;3319
2753;3897
2754;1891
2755;125
2756;990
2757;3319
2758;3891
2759;1892
2760;106
2761;1009
2762;3406
2763;3908
2764;1859
2765;111
2766;1073
2767;3303
2768;3889
2769;1902
2770;109
2771;1006
2772;3407
2773;3874
2774;1745
2775;105
2776;1015
2777;3340
2778;3901
2779;1900
2780;109
2781;1000
2782;3296
2783;3880
2784;1911
2785;126
2786;1003
2787;3415
2788;3912
2789;1867
2790;102
2791;1005
2792;3356
2793;3869
2794;1782
2795;112
2796;1137
2797;3317
2798;3882
2799;1890
2800;80
2801;1002
2802;3351
2803;3807
2804;1892
2805;102
2806;1028
2807;3345
2808;3855
2809;1894
2810;120
2811;1019
2812;3326
2813;3878
2814;1876
2815;93
2816;1017
2817;3384
2818;3896
2819;1795
2820;95
2821;1134
2822;3360
2823;3859
2824;1736
2825;111
2826;1038
2827;3360
2828;3811
2829;1877
2830;96
2831;1016
2832;3345
2833;3888
2834;1863
2835;105
2836;1033
2837;3369
2838;3857
2839;1843
2840;103
2841;1026
2842;3356
2843;3807
2844;1872
2845;96
2846;1036
2847;3431
2848;3875
2849;1826
2850;96
2851;1039
2852;3397
2853;3832
2854;1843
2855;77
2856;1051
2857;3359
2858;3847
2859;1842
2860;97
2861;1041
2862;3381
2863;3860
2864;1832
2865;89
2866;1067
2867;3396
2868;3799
2869;1834
2870;84
2871;1066
2872;3387
2873;3822
2874;1799
2875;90
2876;1075
2877;3513
2878;3847
2879;1785
2880;111
2881;1195
2882;3398
2883;3832
2884;1668
2885;106
2886;1109
2887;3411
2888;3825
2889;1779
2890;107
2891;1091
2892;3400
2893;3854
2894;1787
2895;99
2896;1218
2897;3421
2898;3831
2899;1779
2900;81
2901;1164
2902;3499
2903;3833
2904;1766
2905;64
2906;1107
2907;3438
2908;3843
2909;1656
2910;93
2911;1109
2912;3413
2913;3838
2914;1791
2915;106
2916;1088
2917;3406
2918;3820
2919;1783
2920;82
2921;1135
2922;3432
2923;3834
2924;1631
2925;85
2926;1144
2927;3412
2928;3785
2929;1767
2930;97
2931;1111
2932;3427
2933;3801
2934;1649
2935;77
2936;1248
2937;3419
2938;3815
2939;1732
2940;80
2941;1133
2942;3411
2943;3834
2944;1778
2945;72
2946;1111
2947;3419
2948;3831
2949;1611
2950;75
2951;1159
2952;3433
2953;3811
2954;1710
2955;98
2956;1231
2957;3452
2958;3751
2959;1751
2960;76
2961;1129
2962;3525
2963;3810
2964;1713
2965;73
2966;1128
2967;3440
2968;3815
2969;1732
2970;78
2971;1148
2972;3457
2973;3800
2974;1724
2975;77
2976;1155
2977;3544
2978;3820
2979;1678
2980;83
2981;1245
2982;3490
2983;3743
2984;1713
2985;68
2986;1295
2987;3451
2988;3810
2989;1691
2990;56
2991;1145
2992;3463
2993;3815
2994;1721
2995;88
2996;1149
2997;3459
2998;3811
2999;1698
3000;87
3001;1175
3002;3504
3003;3816
3004;1693
3005;72
3006;1153
3007;3530
3008;3805
3009;1602
3010;73
3011;1193
3012;3480
3013;3804
3014;1650
3015;72
3016;1195
3017;3593
3018;3787
3019;1668
3020;75
3021;1202
3022;3487
3023;3780
3024;1686
3025;77
3026;1183
3027;3498
3028;3796
3029;1664
3030;75
3031;1195
3032;3520
3033;3773
3034;1652
3035;58
3036;1221
3037;3572
3038;3798
3039;1520
3040;65
3041;1234
3042;3510
3043;3711
3044;1636
3045;59
3046;1347
3047;3519
3048;3756
3049;1647
3050;56
3051;1242
3052;3524
3053;3751
3054;1632
3055;57
3056;1214
3057;3509
3058;3683
3059;1646
3060;64
3061;1230
3062;3591
3063;3726
3064;1485
3065;54
3066;1232
3067;3607
3068;3771
3069;1638
3070;77
3071;1345
3072;3499
3073;3750
3074;1633
3075;75
3076;1227
3077;3544
3078;3761
3079;1631
3080;74
3081;1251
3082;3529
3083;3748
3084;1634
3085;71
3086;1383
3087;3515
3088;3739
3089;1627
3090;73
3091;1258
3092;3552
3093;3772
3094;1613
3095;76
3096;1364
3097;3565
3098;3661
3099;1613
3100;57
3101;1281
3102;3554
3103;3742
3104;1603
3105;70
3106;1254
3107;3524
3108;3755
3109;1628
3110;75
3111;1372
3112;3529
3113;3722
3114;1587
3115;56
3116;1297
3117;3537
3118;3705
3119;1618
3120;61
3121;1259
3122;3543
3123;3742
3124;1495
3125;68
3126;1284
3127;3611
3128;3747
3129;1587
3130;78
3131;1245
3132;3525
3133;3763
3134;1620
3135;80
3136;1239
3137;3539
3138;3746
3139;1471
3140;78
3141;1307
3142;3525
3143;3679
3144;1533
3145;55
3146;1281
3147;3553
3148;3655
3149;1604
3150;53
3151;1254
3152;3612
3153;3759
3154;1577
3155;74
3156;1250
3157;3527
3158;3748
3159;1587
3160;57
3161;1269
3162;3558
3163;3759
3164;1592
3165;74
3166;1279
3167;3624
3168;3751
3169;1546
3170;64
3171;1377
3172;3555
3173;3715
3174;1561
3175;62
3176;1307
3177;3635
3178;3740
3179;1415
3180;53
3181;1311
3182;3557
3183;3730
3184;1581
3185;74
3186;1294
3187;3563
3188;3746
3189;1556
3190;55
3191;1295
3192;3623
3193;3731
3194;1532
3195;68
3196;1327
3197;3587
3198;3720
3199;1459
3200;69
3201;1434
3202;3551
3203;3715
3204;1573
3205;57
3206;1302
3207;3599
3208;3653
3209;1547
3210;75
3211;1326
3212;3562
3213;3720
3214;1546
3215;77
3216;1313
3217;3574
3218;3715
3219;1571
3220;73
3221;1307
3222;3599
3223;3710
3224;1446
3225;51
3226;1448
3227;3596
3228;3725
3229;1391
3230;53
3231;1314
3232;3594
3233;3667
3234;1537
3235;53
3236;1303
3237;3588
3238;3708
3239;1560
3240;70
3241;1326
3242;3593
3243;3699
3244;1523
3245;61
3246;1344
3247;3584
3248;3631
3249;1543
3250;59
3251;1337
3252;3633
3253;3719
3254;1515
3255;50
3256;1334
3257;3598
3258;3633
3259;1507
3260;45
3261;1348
3262;3593
3263;3714
3264;1531
3265;75
3266;1329
3267;3569
3268;3708
3269;1543
3270;73
3271;1311
3272;3571
3273;3628
3274;1548
3275;68
3276;1345
3277;3583
3278;3690
3279;1529
3280;60
3281;1327
3282;3671
3283;3703
3284;1522
3285;55
3286;1470
3287;3595
3288;3684
3289;1403
3290;64
3291;1347
3292;3615
3293;3720
3294;1513
3295;61
3296;1359
3297;3603
3298;3687
3299;1516
3300;60
3301;1482
3302;3596
3303;3672
3304;1513
3305;71
3306;1434
3307;3686
3308;3704
3309;1487
3310;67
3311;1384
3312;3607
3313;3686
3314;1384
3315;57
3316;1373
3317;3608
3318;3681
3319;1501
3320;48
3321;1350
3322;3583
3323;3682
3324;1480
3325;47
3326;1373
3327;3607
3328;3694
3329;1382
3330;56
3331;1408
3332;3585
3333;3650
3334;1524
3335;72
3336;1347
3337;3591
3338;3683
3339;1393
3340;62
3341;1498
3342;3612
3343;3708
3344;1491
3345;51
3346;1364
3347;3583
3348;3683
3349;1534
3350;73
3351;1352
3352;3602
3353;3712
3354;1364
3355;71
3356;1393
3357;3618
3358;3683
3359;1471
3360;56
3361;1455
3362;3588
3363;3614
3364;1513
3365;71
3366;1340
3367;3687
3368;3687
3369;1492
3370;44
3371;1349
3372;3616
3373;3705
3374;1500
3375;73
3376;1356
3377;3623
3378;3703
3379;1491
3380;71
3381;1339
3382;3697
3383;3682
3384;1444
3385;53
3386;1460
3387;3661
3388;3624
3389;1486
3390;44
3391;1521
3392;3619
3393;3675
3394;1506
3395;64
3396;1363
3397;3630
3398;3697
3399;1500
3400;64
3401;1351
3402;3613
3403;3699
3404;1498
3405;59
3406;1382
3407;3623
3408;3663
3409;1485
3410;51
3411;1371
3412;3648
3413;3712
3414;1407
3415;72
3416;1384
3417;3599
3418;3662
3419;1467
3420;72
3421;1379
3422;3691
3423;3667
3424;1483
3425;69
3426;1373
3427;3629
3428;3667
3429;1474
3430;62
3431;1394
3432;3636
3433;3659
3434;1480
3435;53
3436;1379
3437;3663
3438;3657
3439;1451
3440;48
3441;1404
3442;3700
3443;3664
3444;1329
3445;70
3446;1402
3447;3619
3448;3598
3449;1462
3450;47
3451;1529
3452;3646
3453;3649
3454;1461
3455;60
3456;1432
3457;3652
3458;3667
3459;1435
3460;55
3461;1422
3462;3627
3463;3587
3464;1449
3465;48
3466;1403
3467;3697
3468;3627
3469;1301
3470;53
3471;1410
3472;3726
3473;3667
3474;1432
3475;73
3476;1534
3477;3626
3478;3637
3479;1459
3480;67
3481;1427
3482;3633
3483;3643
3484;1450
3485;59
3486;1427
3487;3646
3488;3663
3489;1436
3490;75
3491;1542
3492;3635
3493;3630
3494;1437
3495;64
3496;1409
3497;3658
3498;3649
3499;1419
3500;47
3501;1546
3502;3656
3503;3566
3504;1420
3505;54
3506;1459
3507;3654
3508;3648
3509;1449
3510;68
3511;1425
3512;3646
3513;3646
3514;1438
3515;57
3516;1566
3517;3637
3518;3615
3519;1415
3520;73
3521;1468
3522;3646
3523;3583
3524;1438
3525;48
3526;1431
3527;3671
3528;3653
3529;1302
3530;72
3531;1440
3532;3718
3533;3661
3534;1413
3535;76
3536;1416
3537;3652
3538;3648
3539;1433
3540;51
3541;1412
3542;3637
3543;3646
3544;1309
3545;60
3546;1484
3547;3663
3548;3591
3549;1368
3550;70
3551;1425
3552;3643
3553;3559
3554;1419
3555;64
3556;1440
3557;3713
3558;3655
3559;1412
3560;60
3561;1430
3562;3652
3563;3655
3564;1408
3565;54
3566;1460
3567;3673
3568;3631
3569;1405
3570;46
3571;1471
3572;3736
3573;3647
3574;1369
3575;63
3576;1550
3577;3643
3578;3612
3579;1379
3580;52
3581;1495
3582;3721
3583;3611
3584;1258
3585;75
3586;1491
3587;3712
3588;3603
3589;1384
3590;57
3591;1465
3592;3682
3593;3620
3594;1359
3595;57
3596;1475
3597;3747
3598;3618
3599;1339
3600;83
3601;1513
3602;3712
3603;3621
3604;1290
3605;45
3606;1662
3607;3671
3608;3587
3609;1357
3610;64
3611;1515
3612;3729
3613;3520
3614;1378
3615;64
3616;1500
3617;3684
3618;3609
3619;1357
3620;62
3621;1497
3622;3684
3623;3587
3624;1363
3625;65
3626;1525
3627;3715
3628;3588
3629;1257
3630;57
3631;1665
3632;3727
3633;3599
3634;1206
3635;66
3636;1528
3637;3719
3638;3521
3639;1346
3640;69
3641;1508
3642;3721
3643;3590
3644;1341
3645;61
3646;1540
3647;3712
3648;3566
3649;1343
3650;85
3651;1529
3652;3705
3653;3502
3654;1315
3655;56
3656;1529
3657;3760
3658;3583
3659;1297
3660;70
3661;1553
3662;3733
3663;3501
3664;1311
3665;60
3666;1575
3667;3732
3668;3569
3669;1315
3670;46
3671;1544
3672;3713
3673;3567
3674;1295
3675;77
3676;1573
3677;3741
3678;3471
3679;1286
3680;74
3681;1570
3682;3744
3683;3541
3684;1299
3685;58
3686;1550
3687;3800
3688;3559
3689;1294
3690;70
3691;1687
3692;3718
3693;3562
3694;1173
3695;56
3696;1577
3697;3737
3698;3553
3699;1280
3700;65
3701;1574
3702;3739
3703;3543
3704;1295
3705;78
3706;1714
3707;3733
3708;3532
3709;1287
3710;80
3711;1655
3712;3807
3713;3555
3714;1275
3715;72
3716;1613
3717;3741
3718;3527
3719;1184
3720;70
3721;1623
3722;3727
3723;3537
3724;1266
3725;72
3726;1603
3727;3733
3728;3544
3729;1273
3730;72
3731;1614
3732;3737
3733;3528
3734;1140
3735;51
3736;1664
3737;3732
3738;3470
3739;1263
3740;60
3741;1607
3742;3751
3743;3507
3744;1155
3745;70
3746;1768
3747;3773
3748;3541
3749;1250
3750;60
3751;1607
3752;3729
3753;3527
3754;1280
3755;66
3756;1591
3757;3749
3758;3533
3759;1144
3760;56
3761;1642
3762;3747
3763;3523
3764;1215
3765;65
3766;1692
3767;3748
3768;3431
3769;1265
3770;84
3771;1595
3772;3819
3773;3519
3774;1228
3775;83
3776;1599
3777;3753
3778;3511
3779;1270
3780;74
3781;1615
3782;3763
3783;3523
3784;1248
3785;80
3786;1599
3787;3799
3788;3527
3789;1195
3790;83
3791;1706
3792;3793
3793;3411
3794;1240
3795;94
3796;1742
3797;3752
3798;3507
3799;1257
3800;93
3801;1605
3802;3765
3803;3552
3804;1247
3805;56
3806;1632
3807;3786
3808;3507
3809;1242
3810;64
3811;1628
3812;3775
3813;3511
3814;1243
3815;85
3816;1634
3817;3785
3818;3535
3819;1161
3820;58
3821;1643
3822;3757
3823;3520
3824;1203
3825;101
3826;1639
3827;3825
3828;3491
3829;1224
3830;88
3831;1642
3832;3759
3833;3516
3834;1225
3835;84
3836;1665
3837;3783
3838;3491
3839;1207
3840;109
3841;1656
3842;3790
3843;3495
3844;1171
3845;67
3846;1667
3847;3833
3848;3499
3849;1056
3850;86
3851;1679
3852;3772
3853;3399
3854;1207
3855;93
3856;1820
3857;3795
3858;3463
3859;1186
3860;74
3861;1694
3862;3799
3863;3481
3864;1163
3865;69
3866;1712
3867;3783
3868;3381
3869;1169
3870;93
3871;1723
3872;3838
3873;3404
3874;1031
3875;107
3876;1713
3877;3868
3878;3439
3879;1143
3880;75
3881;1821
3882;3801
3883;3448
3884;1141
3885;87
3886;1728
3887;3805
3888;3442
3889;1157
3890;73
3891;1741
3892;3804
3893;3452
3894;1133
3895;77
3896;1855
3897;3799
3898;3401
3899;1148
3900;74
3901;1739
3902;3818
3903;3447
3904;1124
3905;84
3906;1843
3907;3813
3908;3311
3909;1115
3910;76
3911;1754
3912;3819
3913;3427
3914;1157
3915;92
3916;1728
3917;3833
3918;3427
3919;1127
3920;85
3921;1860
3922;3805
3923;3421
3924;1139
3925;97
3926;1781
3927;3811
3928;3374
3929;1147
3930;88
3931;1719
3932;3814
3933;3434
3934;1027
3935;75
3936;1761
3937;3863
3938;3441
3939;1100
3940;73
3941;1739
3942;3815
3943;3419
3944;1123
3945;92
3946;1740
3947;3827
3948;3439
3949;995
3950;76
3951;1795
3952;3825
3953;3375
3954;1059
3955;122
3956;1755
3957;3811
3958;3302
3959;1102
3960;105
3961;1767
3962;3859
3963;3431
3964;1100
3965;77
3966;1760
3967;3835
3968;3447
3969;1117
3970;80
3971;1745
3972;3811
3973;3429
3974;1124
3975;86
3976;1775
3977;3889
3978;3445
3979;1075
3980;86
3981;1862
3982;3810
3983;3424
3984;1110
3985;95
3986;1807
3987;3892
3988;3426
3989;983
3990;85
3991;1763
3992;3827
3993;3438
3994;1115
3995;100
3996;1768
3997;3838
3998;3434
3999;1083
4000;101
4001;1775
4002;3901
4003;3396
4004;1049
4005;104
4006;1799
4007;3882
4008;3391
4009;991
4010;82
4011;1927
4012;3843
4013;3409
4014;1101
4015;124
4016;1811
4017;3864
4018;3289
4019;1087
4020;86
4021;1801
4022;3831
4023;3390
4024;1086
4025;108
4026;1820
4027;3855
4028;3376
4029;1071
4030;134
4031;1823
4032;3887
4033;3362
4034;988
4035;136
4036;1982
4037;3863
4038;3346
4039;927
4040;118
4041;1870
4042;3875
4043;3293
4044;1035
4045;104
4046;1852
4047;3847
4048;3377
4049;1032
4050;97
4051;1852
4052;3853
4053;3355
4054;1015
4055;110
4056;1843
4057;3859
4058;3244
4059;1033
4060;112
4061;1847
4062;3905
4063;3335
4064;1001
4065;99
4066;1894
4067;3867
4068;3257
4069;999
4070;167
4071;1881
4072;3861
4073;3314
4074;999
4075;124
4076;1880
4077;3881
4078;3337
4079;996
4080;126
4081;1891
4082;3871
4083;3229
4084;1004
4085;141
4086;1905
4087;3900
4088;3285
4089;980
4090;139
4091;1887
4092;3947
4093;3337
4094;980
4095;114
4096;2035
4097;3867
4098;3282
4099;879
4100;122
4101;1931
4102;3900
4103;3315
4104;957
4105;118
4106;1915
4107;3903
4108;3321
4109;977
4110;130
4111;2083
4112;3887
4113;3270
4114;956
4115;164
4116;2000
4117;3950
4118;3291
4119;969
4120;180
4121;1940
4122;3911
4123;3298
4124;862
4125;125
4126;1992
4127;3914
4128;3271
4129;941
4130;132
4131;1967
4132;3889
4133;3292
4134;948
4135;130
4136;1989
4137;3891
4138;3268
4139;835
4140;129
4141;2039
4142;3928
4143;3208
4144;934
4145;152
4146;1999
4147;3919
4148;3229
4149;830
4150;151
4151;2156
4152;3929
4153;3251
4154;893
4155;128
4156;1993
4157;3911
4158;3259
4159;935
4160;153
4161;2024
4162;3897
4163;3264
4164;817
4165;160
4166;2041
4167;3932
4168;3216
4169;870
4170;149
4171;2122
4172;3938
4173;3121
4174;916
4175;159
4176;1998
4177;3961
4178;3231
4179;876
4180;206
4181;2009
4182;3916
4183;3205
4184;900
4185;149
4186;2045
4187;3944
4188;3223
4189;889
4190;168
4191;2026
4192;3953
4193;3195
4194;844
4195;152
4196;2147
4197;3967
4198;3069
4199;851
4200;174
4201;2219
4202;3938
4203;3182
4204;869
4205;195
4206;2049
4207;3933
4208;3209
4209;862
4210;180
4211;2067
4212;3943
4213;3191
4214;839
4215;173
4216;2079
4217;3953
4218;3173
4219;838
4220;211
4221;2091
4222;3971
4223;3173
4224;756
4225;175
4226;2105
4227;3953
4228;3158
4229;802
4230;222
4231;2116
4232;3979
4233;3142
4234;834
4235;187
4236;2111
4237;3961
4238;3182
4239;831
4240;177
4241;2116
4242;3947
4243;3149
4244;818
4245;223
4246;2133
4247;3957
4248;3139
4249;785
4250;199
4251;2131
4252;3974
4253;3136
4254;677
4255;183
4256;2155
4257;3947
4258;3044
4259;792
4260;182
4261;2267
4262;3967
4263;3111
4264;775
4265;191
4266;2160
4267;3959
4268;3110
4269;784
4270;196
4271;2144
4272;3970
4273;3003
4274;773
4275;199
4276;2177
4277;3991
4278;3050
4279;671
4280;200
4281;2179
4282;4011
4283;3114
4284;775
4285;210
4286;2289
4287;3947
4288;3089
4289;785
4290;211
4291;2180
4292;3981
4293;3095
4294;761
4295;201
4296;2205
4297;3959
4298;3067
4299;757
4300;218
4301;2319
4302;3961
4303;3033
4304;769
4305;257
4306;2188
4307;3968
4308;3077
4309;750
4310;211
4311;2313
4312;3981
4313;2951
4314;735
4315;204
4316;2248
4317;3996
4318;3067
4319;766
4320;211
4321;2191
4322;3961
4323;3080
4324;752
4325;222
4326;2340
4327;3975
4328;3015
4329;723
4330;215
4331;2257
4332;3979
4333;2979
4334;730
4335;283
4336;2211
4337;3985
4338;3047
4339;632
4340;224
4341;2268
4342;4012
4343;3046
4344;724
4345;241
4346;2239
4347;3985
4348;3041
4349;724
4350;241
4351;2244
4352;3984
4353;3043
4354;635
4355;225
4356;2295
4357;3981
4358;2947
4359;676
4360;307
4361;2243
4362;3995
4363;2921
4364;713
4365;231
4366;2253
4367;3995
4368;3044
4369;708
4370;238
4371;2264
4372;3978
4373;3032
4374;697
4375;217
4376;2239
4377;4000
4378;3031
4379;711
4380;248
4381;2257
4382;4021
4383;3040
4384;682
4385;227
4386;2365
4387;3986
4388;3008
4389;689
4390;241
4391;2318
4392;4019
4393;2989
4394;572
4395;248
4396;2299
4397;4016
4398;2979
4399;693
4400;259
4401;2296
4402;4004
4403;3012
4404;671
4405;241
4406;2316
4407;4007
4408;3008
4409;644
4410;259
4411;2352
4412;3993
4413;2953
4414;577
4415;256
4416;2467
4417;3983
4418;2957
4419;651
4420;341
4421;2347
4422;4008
4423;2831
4424;641
4425;278
4426;2348
4427;3990
4428;2946
4429;628
4430;275
4431;2381
4432;4016
4433;2944
4434;625
4435;338
4436;2375
4437;4023
4438;2903
4439;556
4440;314
4441;2532
4442;3997
4443;2902
4444;495
4445;298
4446;2427
4447;4027
4448;2785
4449;599
4450;327
4451;2408
4452;4011
4453;2891
4454;603
4455;309
4456;2409
4457;4011
4458;2889
4459;583
4460;322
4461;2437
4462;4032
4463;2765
4464;589
4465;334
4466;2422
4467;4031
4468;2900
4469;575
4470;306
4471;2428
4472;4026
4473;2781
4474;587
4475;408
4476;2451
4477;4023
4478;2843
4479;573
4480;303
4481;2434
4482;4004
4483;2875
4484;596
4485;321
4486;2413
4487;3995
4488;2737
4489;584
4490;341
4491;2460
4492;4025
4493;2827
4494;571
4495;364
4496;2433
4497;4038
4498;2884
4499;558
4500;308
4501;2557
4502;4010
4503;2851
4504;499
4505;319
4506;2458
4507;4013
4508;2867
4509;579
4510;324
4511;2453
4512;4003
4513;2866
4514;579
4515;301
4516;2588
4517;4015
4518;2801
4519;582
4520;381
4521;2511
4522;4015
4523;2835
4524;567
4525;411
4526;2466
4527;4024
4528;2872
4529;491
4530;323
4531;2475
4532;4007
4533;2853
4534;581
4535;307
4536;2449
4537;4007
4538;2850
4539;578
4540;315
4541;2457
4542;4007
4543;2846
4544;472
4545;327
4546;2509
4547;4014
4548;2784
4549;572
4550;325
4551;2461
4552;4014
4553;2840
4554;507
4555;335
4556;2624
4557;4004
4558;2838
4559;545
4560;316
4561;2472
4562;4011
4563;2844
4564;567
4565;308
4566;2468
4567;4021
4568;2851
4569;484
4570;333
4571;2483
4572;4040
4573;2841
4574;541
4575;327
4576;2549
4577;4025
4578;2717
4579;585
4580;311
4581;2445
4582;4025
4583;2851
4584;561
4585;379
4586;2440
4587;4007
4588;2855
4589;572
4590;328
4591;2455
4592;4019
4593;2841
4594;585
4595;314
4596;2446
4597;4017
4598;2833
4599;522
4600;340
4601;2557
4602;4031
4603;2702
4604;558
4605;329
4606;2619
4607;4001
4608;2823
4609;539
4610;385
4611;2471
4612;4017
4613;2846
4614;561
4615;342
4616;2487
4617;4019
4618;2835
4619;550
4620;333
4621;2487
4622;4040
4623;2835
4624;539
4625;421
4626;2489
4627;4031
4628;2823
4629;480
4630;326
4631;2503
4632;4008
4633;2798
4634;525
4635;408
4636;2503
4637;4015
4638;2787
4639;521
4640;378
4641;2495
4642;4039
4643;2824
4644;541
4645;343
4646;2491
4647;4013
4648;2798
4649;528
4650;434
4651;2523
4652;4035
4653;2790
4654;508
4655;390
4656;2523
4657;4019
4658;2790
4659;439
4660;362
4661;2545
4662;4007
4663;2675
4664;511
4665;386
4666;2650
4667;4017
4668;2777
4669;520
4670;360
4671;2525
4672;4037
4673;2769
4674;507
4675;374
4676;2539
4677;4035
4678;2638
4679;515
4680;387
4681;2558
4682;4021
4683;2712
4684;422
4685;385
4686;2575
4687;4017
4688;2754
4689;497
4690;388
4691;2673
4692;4027
4693;2709
4694;485
4695;381
4696;2576
4697;4035
4698;2724
4699;502
4700;397
4701;2597
4702;4019
4703;2713
4704;469
4705;389
4706;2716
4707;4007
4708;2672
4709;485
4710;476
4711;2609
4712;4030
4713;2707
4714;473
4715;420
4716;2705
4717;4026
4718;2561
4719;449
4720;405
4721;2643
4722;4031
4723;2703
4724;473
4725;419
4726;2615
4727;4017
4728;2675
4729;455
4730;433
4731;2762
4732;4041
4733;2643
4734;455
4735;435
4736;2697
4737;4041
4738;2567
4739;461
4740;533
4741;2631
4742;4017
4743;2680
4744;379
4745;446
4746;2683
4747;4019
4748;2651
4749;424
4750;438
4751;2661
4752;4012
4753;2666
4754;442
4755;449
4756;2651
4757;4017
4758;2647
4759;362
4760;461
4761;2707
4762;4023
4763;2540
4764;402
4765;541
4766;2688
4767;4040
4768;2473
4769;407
4770;460
4771;2675
4772;4035
4773;2629
4774;414
4775;460
4776;2671
4777;4025
4778;2623
4779;404
4780;466
4781;2705
4782;4049
4783;2628
4784;397
4785;458
4786;2712
4787;4009
4788;2607
4789;396
4790;451
4791;2785
4792;4039
4793;2576
4794;391
4795;484
4796;2741
4797;4036
4798;2593
4799;323
4800;495
4801;2716
4802;4028
4803;2571
4804;396
4805;476
4806;2713
4807;4031
4808;2594
4809;395
4810;480
4811;2726
4812;4023
4813;2579
4814;359
4815;510
4816;2767
4817;4037
4818;2561
4819;351
4820;494
4821;2889
4822;4007
4823;2551
4824;382
4825;580
4826;2765
4827;4047
4828;2449
4829;379
4830;497
4831;2749
4832;4016
4833;2548
4834;397
4835;510
4836;2743
4837;4046
4838;2556
4839;386
4840;583
4841;2756
4842;4019
4843;2560
4844;324
4845;542
4846;2889
4847;4047
4848;2537
4849;301
4850;499
4851;2781
4852;4032
4853;2425
4854;366
4855;516
4856;2758
4857;4037
4858;2549
4859;372
4860;513
4861;2771
4862;4006
4863;2537
4864;363
4865;533
4866;2779
4867;4031
4868;2414
4869;367
4870;549
4871;2761
4872;4011
4873;2546
4874;349
4875;499
4876;2771
4877;4026
4878;2423
4879;368
4880;630
4881;2777
4882;4014
4883;2502
4884;371
4885;529
4886;2775
4887;4015
4888;2530
4889;380
4890;523
4891;2771
4892;4011
4893;2400
4894;350
4895;539
4896;2798
4897;4027
4898;2455
4899;342
4900;610
4901;2783
4902;4011
4903;2516
4904;352
4905;531
4906;2931
4907;4009
4908;2466
4909;285
4910;535
4911;2821
4912;4015
4913;2505
4914;344
4915;541
4916;2820
4917;4020
4918;2509
4919;352
4920;530
4921;2931
4922;4017
4923;2449
4924;347
4925;596
4926;2897
4927;3999
4928;2483
4929;351
4930;643
4931;2833
4932;4011
4933;2467
4934;293
4935;548
4936;2849
4937;4034
4938;2487
4939;334
4940;558
4941;2828
4942;4027
4943;2471
4944;347
4945;565
4946;2858
4947;4033
4948;2463
4949;280
4950;545
4951;2871
4952;4019
4953;2398
4954;330
4955;556
4956;2847
4957;4032
4958;2449
4959;286
4960;570
4961;2969
4962;4042
4963;2455
4964;322
4965;569
4966;2829
4967;4027
4968;2468
4969;330
4970;545
4971;2821
4972;4009
4973;2483
4974;270
4975;549
4976;2867
4977;4014
4978;2468
4979;305
4980;575
4981;2913
4982;4022
4983;2332
4984;326
4985;557
4986;2843
4987;3982
4988;2455
4989;324
4990;653
4991;2845
4992;4027
4993;2461
4994;335
4995;580
4996;2851
4997;4031
4998;2451
4999;326
5000;556
5001;2845
5002;4017
5003;2447
5004;288
5005;581
5006;2958
5007;4009
5008;2295
5009;327
5010;566
5011;2990
5012;4015
5013;2435
5014;320
5015;650
5016;2846
5017;4036
5018;2459
5019;312
5020;571
5021;2858
5022;4011
5023;2435
5024;305
5025;578
5026;2867
5027;3997
5028;2446
5029;318
5030;693
5031;2877
5032;4000
5033;2417
5034;258
5035;584
5036;2887
5037;4007
5038;2391
5039;292
5040;685
5041;2895
5042;3983
5043;2399
5044;308
5045;611
5046;2885
5047;4014
5048;2407
5049;308
5050;605
5051;2884
5052;4003
5053;2415
5054;290
5055;690
5056;2887
5057;4014
5058;2385
5059;293
5060;636
5061;2897
5062;3990
5063;2395
5064;219
5065;594
5066;2903
5067;4003
5068;2275
5069;286
5070;640
5071;3036
5072;4019
5073;2371
5074;302
5075;613
5076;2925
5077;4002
5078;2389
5079;284
5080;617
5081;2912
5082;4024
5083;2247
5084;289
5085;664
5086;2911
5087;3999
5088;2319
5089;227
5090;642
5091;2939
5092;3972
5093;2376
5094;287
5095;638
5096;3044
5097;4006
5098;2333
5099;292
5100;632
5101;2932
5102;4007
5103;2353
5104;271
5105;640
5106;2935
5107;3993
5108;2353
5109;267
5110;643
5111;3071
5112;3993
5113;2290
5114;284
5115;714
5116;2957
5117;3997
5118;2356
5119;256
5120;657
5121;3043
5122;3984
5123;2177
5124;254
5125;647
5126;2990
5127;4011
5128;2340
5129;287
5130;651
5131;2939
5132;3993
5133;2350
5134;257
5135;658
5136;3096
5137;4009
5138;2291
5139;268
5140;683
5141;3027
5142;3987
5143;2225
5144;265
5145;759
5146;2973
5147;4005
5148;2340
5149;202
5150;655
5151;2979
5152;3974
5153;2319
5154;252
5155;667
5156;2997
5157;3999
5158;2306
5159;256
5160;672
5161;2977
5162;4004
5163;2323
5164;207
5165;673
5166;3026
5167;4010
5168;2211
5169;216
5170;790
5171;3030
5172;3989
5173;2129
5174;253
5175;696
5176;2999
5177;3949
5178;2295
5179;218
5180;675
5181;3006
5182;3980
5183;2291
5184;247
5185;684
5186;3017
5187;3993
5188;2255
5189;221
5190;705
5191;3024
5192;3966
5193;2275
5194;228
5195;713
5196;3106
5197;3984
5198;2252
5199;237
5200;724
5201;3057
5202;3950
5203;2251
5204;187
5205;723
5206;3037
5207;3982
5208;2259
5209;217
5210;723
5211;3036
5212;3992
5213;2249
5214;233
5215;729
5216;3054
5217;3963
5218;2242
5219;214
5220;747
5221;3053
5222;3955
5223;2223
5224;193
5225;716
5226;3166
5227;3987
5228;2221
5229;227
5230;820
5231;3072
5232;3951
5233;2083
5234;218
5235;761
5236;3075
5237;3987
5238;2219
5239;224
5240;741
5241;3063
5242;3993
5243;2232
5244;225
5245;856
5246;3063
5247;3951
5248;2195
5249;176
5250;811
5251;3191
5252;3966
5253;2216
5254;165
5255;741
5256;3101
5257;3994
5258;2104
5259;210
5260;766
5261;3076
5262;3971
5263;2185
5264;211
5265;760
5266;3078
5267;3966
5268;2167
5269;211
5270;796
5271;3091
5272;3949
5273;2035
5274;220
5275;822
5276;3106
5277;3968
5278;2190
5279;180
5280;795
5281;3101
5282;3943
5283;2060
5284;196
5285;914
5286;3121
5287;3964
5288;2137
5289;186
5290;799
5291;3117
5292;3978
5293;2147
5294;192
5295;816
5296;3111
5297;3974
5298;2004
5299;179
5300;823
5301;3144
5302;3955
5303;2096
5304;177
5305;892
5306;3113
5307;3923
5308;2135
5309;180
5310;792
5311;3239
5312;3939
5313;2117
5314;130
5315;810
5316;3135
5317;3957
5318;2126
5319;190
5320;795
5321;3153
5322;3939
5323;2129
5324;196
5325;821
5326;3250
5327;3960
5328;2080
5329;192
5330;891
5331;3197
5332;3900
5333;2107
5334;192
5335;950
5336;3180
5337;3950
5338;2104
5339;146
5340;822
5341;3169
5342;3941
5343;2120
5344;183
5345;819
5346;3178
5347;3939
5348;2120
5349;173
5350;840
5351;3208
5352;3943
5353;2075
5354;136
5355;828
5356;3207
5357;3935
5358;1999
5359;184
5360;873
5361;3187
5362;3953
5363;2046
5364;133
5365;851
5366;3320
5367;3909
5368;2067
5369;169
5370;862
5371;3167
5372;3946
5373;2065
5374;170
5375;842
5376;3175
5377;3942
5378;2065
5379;119
5380;867
5381;3219
5382;3951
5383;2033
5384;138
5385;853
5386;3296
5387;3932
5388;1902
5389;160
5390;875
5391;3203
5392;3879
5393;2059
5394;142
5395;986
5396;3199
5397;3935
5398;2036
5399;169
5400;873
5401;3208
5402;3919
5403;2023
5404;155
5405;883
5406;3214
5407;3867
5408;2051
5409;156
5410;870
5411;3276
5412;3896
5413;1891
5414;151
5415;891
5416;3323
5417;3921
5418;2041
5419;148
5420;979
5421;3207
5422;3929
5423;2041
5424;146
5425;889
5426;3217
5427;3939
5428;2031
5429;164
5430;893
5431;3199
5432;3933
5433;2025
5434;143
5435;1003
5436;3224
5437;3908
5438;2036
5439;116
5440;875
5441;3241
5442;3911
5443;2031
5444;136
5445;988
5446;3228
5447;3863
5448;2028
5449;136
5450;906
5451;3227
5452;3935
5453;2039
5454;143
5455;885
5456;3217
5457;3916
5458;2006
5459;153
5460;1017
5461;3227
5462;3903
5463;2017
5464;148
5465;952
5466;3240
5467;3886
5468;2018
5469;109
5470;886
5471;3247
5472;3907
5473;1889
5474;152
5475;928
5476;3326
5477;3938
5478;1997
5479;154
5480;906
5481;3234
5482;3911
5483;2010
5484;152
5485;892
5486;3235
5487;3932
5488;1864
5489;150
5490;935
5491;3251
5492;3885
5493;1944
5494;110
5495;924
5496;3244
5497;3873
5498;1979
5499;139
5500;922
5501;3338
5502;3919
5503;1977
5504;151
5505;927
5506;3247
5507;3923
5508;1988
5509;135
5510;921
5511;3255
5512;3921
5513;1972
5514;150
5515;934
5516;3370
5517;3901
5518;1944
5519;152
5520;1025
5521;3251
5522;3891
5523;1971
5524;142
5525;959
5526;3363
5527;3897
5528;1804
5529;125
5530;959
5531;3303
5532;3891
5533;1954
5534;130
5535;956
5536;3278
5537;3918
5538;1955
5539;126
5540;948
5541;3371
5542;3907
5543;1922
5544;119
5545;975
5546;3331
5547;3899
5548;1831
5549;139
5550;1098
5551;3283
5552;3895
5553;1942
5554;99
5555;967
5556;3302
5557;3827
5558;1938
5559;119
5560;964
5561;3305
5562;3886
5563;1939
5564;114
5565;969
5566;3278
5567;3897
5568;1938
5569;82
5570;987
5571;3344
5572;3896
5573;1848
5574;100
5575;1109
5576;3303
5577;3880
5578;1775
5579;122
5580;989
5581;3303
5582;3864
5583;1935
5584;121
5585;967
5586;3304
5587;3889
5588;1939
5589;119
5590;988
5591;3297
5592;3906
5593;1929
5594;122
5595;972
5596;3307
5597;3849
5598;1915
5599;114
5600;989
5601;3393
5602;3898
5603;1901
5604;138
5605;1004
5606;3343
5607;3858
5608;1905
5609;80
5610;1012
5611;3318
5612;3879
5613;1893
5614;126
5615;983
5616;3305
5617;3898
5618;1903
5619;130
5620;984
5621;3311
5622;3818
5623;1911
5624;95
5625;1011
5626;3335
5627;3854
5628;1906
5629;85
5630;984
5631;3433
5632;3898
5633;1892
5634;130
5635;1115
5636;3324
5637;3875
5638;1759
5639;128
5640;998
5641;3335
5642;3885
5643;1879
5644;131
5645;1013
5646;3311
5647;3887
5648;1901
5649;131
5650;1108
5651;3338
5652;3855
5653;1902
5654;90
5655;1064
5656;3432
5657;3886
5658;1884
5659;97
5660;1011
5661;3352
5662;3868
5663;1788
5664;122
5665;1015
5666;3335
5667;3874
5668;1873
5669;104
5670;1014
5671;3319
5672;3882
5673;1883
5674;116
5675;1016
5676;3326
5677;3863
5678;1750
5679;107
5680;1067
5681;3339
5682;3845
5683;1895
5684;115
5685;1036
5686;3340
5687;3871
5688;1784
5689;121
5690;1147
5691;3345
5692;3864
5693;1854
5694;122
5695;1028
5696;3357
5697;3859
5698;1870
5699;104
5700;1021
5701;3343
5702;3878
5703;1727
5704;124
5705;1063
5706;3355
5707;3869
5708;1833
5709;120
5710;1107
5711;3343
5712;3815
5713;1871
5714;103
5715;1007
5716;3426
5717;3869
5718;1837
5719;76
5720;1029
5721;3356
5722;3864
5723;1855
5724;116
5725;1029
5726;3370
5727;3859
5728;1885
5729;114
5730;1031
5731;3435
5732;3867
5733;1806
5734;118
5735;1122
5736;3416
5737;3811
5738;1842
5739;96
5740;1161
5741;3355
5742;3872
5743;1861
5744;93
5745;1017
5746;3376
5747;3859
5748;1875
5749;110
5750;1023
5751;3358
5752;3879
5753;1843
5754;104
5755;1023
5756;3377
5757;3882
5758;1857
5759;85
5760;1039
5761;3405
5762;3874
5763;1747
5764;101
5765;1049
5766;3367
5767;3853
5768;1811
5769;73
5770;1063
5771;3485
5772;3883
5773;1846
5774;93
5775;1056
5776;3366
5777;3877
5778;1855
5779;103
5780;1048
5781;3391
5782;3874
5783;1838
5784;73
5785;1049
5786;3392
5787;3862
5788;1811
5789;101
5790;1058
5791;3452
5792;3868
5793;1689
5794;105
5795;1067
5796;3351
5797;3796
5798;1825
5799;97
5800;1160
5801;3363
5802;3864
5803;1819
5804;100
5805;1071
5806;3371
5807;3863
5808;1836
5809;117
5810;1060
5811;3380
5812;3801
5813;1822
5814;85
5815;1075
5816;3453
5817;3827
5818;1687
5819;104
5820;1072
5821;3490
5822;3868
5823;1817
5824;96
5825;1166
5826;3382
5827;3833
5828;1827
5829;110
5830;1067
5831;3392
5832;3845
5833;1819
5834;104
5835;1066
5836;3397
5837;3837
5838;1804
5839;88
5840;1186
5841;3375
5842;3825
5843;1829
5844;88
5845;1073
5846;3397
5847;3835
5848;1822
5849;90
5850;1156
5851;3400
5852;3777
5853;1795
5854;107
5855;1083
5856;3387
5857;3859
5858;1811
5859;104
5860;1073
5861;3398
5862;3837
5863;1830
5864;94
5865;1179
5866;3401
5867;3815
5868;1814
5869;92
5870;1126
5871;3399
5872;3816
5873;1815
5874;80
5875;1081
5876;3388
5877;3831
5878;1684
5879;87
5880;1105
5881;3473
5882;3865
5883;1805
5884;87
5885;1084
5886;3409
5887;3831
5888;1795
5889;105
5890;1064
5891;3391
5892;3866
5893;1659
5894;81
5895;1125
5896;3411
5897;3794
5898;1750
5899;83
5900;1092
5901;3395
5902;3768
5903;1804
5904;79
5905;1097
5906;3469
5907;3855
5908;1774
5909;109
5910;1091
5911;3406
5912;3827
5913;1804
5914;88
5915;1087
5916;3423
5917;3855
5918;1769
5919;83
5920;1119
5921;3509
5922;3854
5923;1728
5924;76
5925;1203
5926;3409
5927;3825
5928;1760
5929;85
5930;1136
5931;3494
5932;3833
5933;1600
5934;91
5935;1117
5936;3441
5937;3815
5938;1757
5939;103
5940;1132
5941;3440
5942;3838
5943;1757
5944;84
5945;1119
5946;3527
5947;3826
5948;1699
5949;87
5950;1138
5951;3482
5952;3807
5953;1654
5954;87
5955;1266
5956;3423
5957;3825
5958;1737
5959;60
5960;1133
5961;3453
5962;3748
5963;1755
5964;74
5965;1156
5966;3456
5967;3805
5968;1727
5969;80
5970;1146
5971;3465
5972;3795
5973;1723
5974;58
5975;1166
5976;3511
5977;3795
5978;1609
5979;66
5980;1314
5981;3482
5982;3795
5983;1545
5984;72
5985;1186
5986;3466
5987;3744
5988;1705
5989;72
5990;1167
5991;3447
5992;3795
5993;1700
5994;71
5995;1171
5996;3459
5997;3783
5998;1710
5999;86
